2, https://github.com/2, 
1080, https://github.com/1080, 
10th, https://github.com/10th, 
1st, https://github.com/1st, 
2D, https://github.com/2D, 
2nd, https://github.com/2nd, 
3-D, https://github.com/3-D, 
3M, https://github.com/3M, 
3rd, https://github.com/3rd, 
4-D, https://github.com/4-D, 
4GL, https://github.com/4GL, 
4H, https://github.com/4H, 
4th, https://github.com/4th, 
5-T, https://github.com/5-T, 
5th, https://github.com/5th, 
6th, https://github.com/6th, 
7th, https://github.com/7th, 
8th, https://github.com/8th, 
9th, https://github.com/9th, 
a, https://github.com/a, 
a-, https://github.com/a-, 
A1, https://github.com/A1, 
A-1, https://github.com/A-1, 
A4, https://github.com/A4, 
A5, https://github.com/A5, 
AA, https://github.com/AA, 
AAA, https://github.com/AAA, 
AAAA, https://github.com/AAAA, 
AAAAAA, https://github.com/AAAAAA, 
AAAL, https://github.com/AAAL, 
AAAS, https://github.com/AAAS, 
Aaberg, https://github.com/Aaberg, 
Aachen, https://github.com/Aachen, 
AAE, https://github.com/AAE, 
AAEE, https://github.com/AAEE, 
AAF, https://github.com/AAF, 
AAG, https://github.com/AAG, 
aah, https://github.com/aah, 
aahed, https://github.com/aahed, 
aahs, https://github.com/aahs, 
AAII, https://github.com/AAII, 
aal, https://github.com/aal, 
Aalborg, https://github.com/Aalborg, 
aalii, https://github.com/aalii, 
aaliis, https://github.com/aaliis, 
aals, https://github.com/aals, 
Aalst, https://github.com/Aalst, 
Aalto, https://github.com/Aalto, 
AAM, https://github.com/AAM, 
AAMSI, https://github.com/AAMSI, 
Aandahl, https://github.com/Aandahl, 
A-and-R, https://github.com/A-and-R, 
Aani, https://github.com/Aani, 
AAO, https://github.com/AAO, 
AAP, https://github.com/AAP, 
AAPSS, https://github.com/AAPSS, 
Aar, https://github.com/Aar, 
Aara, https://github.com/Aara, 
Aarau, https://github.com/Aarau, 
AARC, https://github.com/AARC, 
aardvark, https://github.com/aardvark, 
aardvarks, https://github.com/aardvarks, 
aardwolf, https://github.com/aardwolf, 
Aaren, https://github.com/Aaren, 
Aargau, https://github.com/Aargau, 
Aarhus, https://github.com/Aarhus, 
Aarika, https://github.com/Aarika, 
Aaron, https://github.com/Aaron, 
Aaronic, https://github.com/Aaronic, 
Aaronical, https://github.com/Aaronical, 
Aaronite, https://github.com/Aaronite, 
Aaronson, https://github.com/Aaronson, 
AARP, https://github.com/AARP, 
aarrgh, https://github.com/aarrgh, 
aarrghh, https://github.com/aarrghh, 
Aaru, https://github.com/Aaru, 
AAS, https://github.com/AAS, 
aasvogel, https://github.com/aasvogel, 
AAU, https://github.com/AAU, 
AAUP, https://github.com/AAUP, 
AAUW, https://github.com/AAUW, 
AAVSO, https://github.com/AAVSO, 
AAX, https://github.com/AAX, 
AB, https://github.com/AB, 
ab-, https://github.com/ab-, 
ABA, https://github.com/ABA, 
Ababa, https://github.com/Ababa, 
Ababua, https://github.com/Ababua, 
abac, https://github.com/abac, 
abaca, https://github.com/abaca, 
abacay, https://github.com/abacay, 
abacas, https://github.com/abacas, 
abacate, https://github.com/abacate, 
abacaxi, https://github.com/abacaxi, 
abaci, https://github.com/abaci, 
abacinate, https://github.com/abacinate, 
abacination, https://github.com/abacination, 
abacist, https://github.com/abacist, 
aback, https://github.com/aback, 
Abaco, https://github.com/Abaco, 
abacot, https://github.com/abacot, 
abactor, https://github.com/abactor, 
abaculi, https://github.com/abaculi, 
abaculus, https://github.com/abaculus, 
abacus, https://github.com/abacus, 
abacuses, https://github.com/abacuses, 
Abad, https://github.com/Abad, 
abada, https://github.com/abada, 
Abadan, https://github.com/Abadan, 
Abaddon, https://github.com/Abaddon, 
abadejo, https://github.com/abadejo, 
abadengo, https://github.com/abadengo, 
abadia, https://github.com/abadia, 
abaft, https://github.com/abaft, 
Abagael, https://github.com/Abagael, 
Abagail, https://github.com/Abagail, 
Abagtha, https://github.com/Abagtha, 
abay, https://github.com/abay, 
abayah, https://github.com/abayah, 
abaisse, https://github.com/abaisse, 
